ID,Title,Brand,CategoryPath
"5Lv8kxmcV3uCmaRbalcuTS","","IsoAcoustics","Studio Equipment/Studio Monitors"
"9IOIVxZNjh8fRfRGtfuc25","","IsoAcoustics","Studio Equipment/Studio Monitors"
"BwEkTpjVMW9iHZxZmNGJNv","","Victrola","Speakers/Outdoor Speakers"
"BwEkTpjVMW9iHZxZmNGLAt","","Bose","Speakers/Subwoofers"
"IysVzF92P1Ckj0vYj2qhkB","","Bose","Headphones/Noise Cancelling"
"Ul18na8DwALqxuRL3IN6HI","","IsoAcoustics","Studio Equipment/Studio Monitors"
"Y7l1IhzX2fnyiano4idGrv","","Panasonic","Personal Audio/Digital Audio Players"
"Y7l1IhzX2fnyiano4ierq6","","Alpine","Personal Audio/Bluetooth Receivers and Transmitters"
"Y7l1IhzX2fnyiano4if9LY","","Sony","Personal Audio/Bluetooth Receivers and Transmitters"
"Y7l1IhzX2fnyiano4iqbbe","","Panamax","Personal Audio/Phone and Tablet Accessories"
"Y7l1IhzX2fnyiano4iruJd","","Bose","Personal Audio/Carrying Cases and Protection"
"Y7l1IhzX2fnyiano4is0lX","","JBL","Personal Audio/Carrying Cases and Protection"
"Y7l1IhzX2fnyiano4is3zU","","Sennheiser","Personal Audio/Carrying Cases and Protection"
"Y7l1IhzX2fnyiano4itLRZ","","Audio-Technica","Personal Audio/Replacement Parts"
"Y7l1IhzX2fnyiano4itOFY","","Audio-Technica","Personal Audio/Replacement Parts"
"Y7l1IhzX2fnyiano4itP85","","JBL","Personal Audio/Replacement Parts"
"Y7l1IhzX2fnyiano4itQ8P","","JBL","Personal Audio/Replacement Parts"
"Y7l1IhzX2fnyiano4itRgU","","Ortofon","Personal Audio/Replacement Parts"
"Y7l1IhzX2fnyiano4itTov","","Ortofon","Personal Audio/Replacement Parts"
"Y7l1IhzX2fnyiano4itWPv","","Pro-Ject","Personal Audio/Replacement Parts"
"Y7l1IhzX2fnyiano4itZBJ","","Pro-Ject","Personal Audio/Replacement Parts"
"Y7l1IhzX2fnyiano4iuiao","","Advance Paris","Home Audio/Amplifiers"
"Y7l1IhzX2fnyiano4iukBU","","Bose","Home Audio/Amplifiers"
"Y7l1IhzX2fnyiano4iwaMI","","Yamaha","Home Audio/Receivers"
"Y7l1IhzX2fnyiano4iwb4R","","Yamaha","Home Audio/Receivers"
"Y7l1IhzX2fnyiano4jAuSI","","Pro-Ject","Home Audio/Preamps"
"Y7l1IhzX2fnyiano4jDKwV","","Audio-Technica","Home Audio/Turntables"
"Y7l1IhzX2fnyiano4jDLC5","","Audio-Technica","Home Audio/Turntables"
"Y7l1IhzX2fnyiano4jDVn4","","Denon","Home Audio/Turntables"
"Y7l1IhzX2fnyiano4jDYde","","Denon","Home Audio/Turntables"
"Y7l1IhzX2fnyiano4jFhXD","","Denon","Home Audio/CD Players"
"Y7l1IhzX2fnyiano4jH82C","","Rotel","Home Audio/CD Players"
"Y7l1IhzX2fnyiano4jNi6Z","","AudioControl","Home Audio/DACs (Digital-to-Analog Converters)"
"Y7l1IhzX2fnyiano4jOcTp","","Rotel","Home Audio/DACs (Digital-to-Analog Converters)"
"Y7l1IhzX2fnyiano4jOlmJ","","Rotel","Home Audio/DACs (Digital-to-Analog Converters)"
"Y7l1IhzX2fnyiano55uqfc","","Audio-Technica","Studio Equipment/Microphones"
"Y7l1IhzX2fnyiano55vJZO","","Shure","Studio Equipment/Microphones"
"Y7l1IhzX2fnyiano55vaze","","Shure","Studio Equipment/Microphones"
"Y7l1IhzX2fnyiano55vhmK","","Shure","Studio Equipment/Microphones"
"Y7l1IhzX2fnyiano55vpEY","","Shure","Studio Equipment/Microphones"
"Y7l1IhzX2fnyiano55yuLd","","IsoAcoustics","Studio Equipment/Studio Monitors"
"Y7l1IhzX2fnyiano55zIgM","","IsoAcoustics","Studio Equipment/Studio Monitors"
"Y7l1IhzX2fnyiano563tK2","","Lutron","Studio Equipment/Audio Interfaces"
"Y7l1IhzX2fnyiano56QLzN","","Alpine","Studio Equipment/Studio Processors"
"Y7l1IhzX2fnyiano56QUcJ","","Alpine","Studio Equipment/Studio Processors"
"Y7l1IhzX2fnyiano56QWxj","","Alpine","Studio Equipment/Studio Processors"
"Y7l1IhzX2fnyiano56UUME","","Audio-Technica","Studio Equipment/Recording Accessories"
"Y7l1IhzX2fnyiano56UVHM","","Ortofon","Studio Equipment/Recording Accessories"
"Y7l1IhzX2fnyiano56UXSO","","Ortofon","Studio Equipment/Recording Accessories"
"Y7l1IhzX2fnyiano56UY2k","","Pro-Ject","Studio Equipment/Recording Accessories"
"Y7l1IhzX2fnyiano56Uc9E","","Pro-Ject","Studio Equipment/Recording Accessories"
"Y7l1IhzX2fnyiano56UzbQ","","Victrola","Studio Equipment/Recording Accessories"
"Y7l1IhzX2fnyiano56V0oj","","Victrola","Studio Equipment/Recording Accessories"
"Y7l1IhzX2fnyiano5721F7","","JBL","Headphones/Earbuds"
"Y7l1IhzX2fnyiano572lGy","","JBL","Speakers/Bluetooth Speakers"
"Y7l1IhzX2fnyiano572o7Y","","JBL","Speakers/Bluetooth Speakers"
"Y7l1IhzX2fnyiano5731tt","","Klipsch","Speakers/Bluetooth Speakers"
"Y7l1IhzX2fnyiano5738Qz","","Victrola","Speakers/Bluetooth Speakers"
"Y7l1IhzX2fnyiano573MY6","","Polk Audio","Speakers/Bookshelf Speakers"
"Y7l1IhzX2fnyiano573Oyi","","Polk Audio","Speakers/Bookshelf Speakers"
"Y7l1IhzX2fnyiano573qhm","","Bowers & Wilkins","Speakers/Floor Standing Speakers"
"Y7l1IhzX2fnyiano573xeq","","Bowers & Wilkins","Speakers/Floor Standing Speakers"
"Y7l1IhzX2fnyiano5740l0","","Bowers & Wilkins","Speakers/Floor Standing Speakers"
"Y7l1IhzX2fnyiano57423V","","Bowers & Wilkins","Speakers/Floor Standing Speakers"
"Y7l1IhzX2fnyiano5745cE","","Kanto","Speakers/Floor Standing Speakers"
"Y7l1IhzX2fnyiano574I3T","","Sonos","Speakers/Floor Standing Speakers"
"Y7l1IhzX2fnyiano57Yolh","","Polk Audio","Speakers/Outdoor Speakers"
"Y7l1IhzX2fnyiano57YpRF","","Polk Audio","Speakers/Outdoor Speakers"
"Y7l1IhzX2fnyiano57a6iw","","SVS","Speakers/Subwoofers"
"Y7l1IhzX2fnyiano57aQF2","","AudioQuest","Accessories/Power Cables"
"Y7l1IhzX2fnyiano57aQXD","","AudioQuest","Accessories/Power Cables"
"Y7l1IhzX2fnyiano57aQkC","","AudioQuest","Accessories/Power Cables"
"Y7l1IhzX2fnyiano57aTDP","","AudioQuest","Accessories/Power Cables"
"Y7l1IhzX2fnyiano57aUtH","","AudioQuest","Accessories/Power Cables"
"Y7l1IhzX2fnyiano57agPO","","Mountson","Accessories/Wall Mounts"
"Y7l1IhzX2fnyiano57ahFK","","Mountson","Accessories/Wall Mounts"
"Y7l1IhzX2fnyiano57ajLA","","Mountson","Accessories/Wall Mounts"
"Y7l1IhzX2fnyiano57axHt","","Sonos","Accessories/Wall Mounts"
"Y7l1IhzX2fnyiano57azVW","","Kanto","Accessories/Speaker Stands"
"Y7l1IhzX2fnyiano57b2RI","","Sanus","Accessories/Speaker Stands"
"Y7l1IhzX2fnyiano57b5Pf","","Sanus","Accessories/Speaker Stands"
"Y7l1IhzX2fnyiano57b72w","","Sanus","Accessories/Speaker Stands"
"Y7l1IhzX2fnyiano58Fj50","","AudioQuest","Accessories/HDMI Cables"
"Y7l1IhzX2fnyiano58FmBA","","AudioQuest","Accessories/HDMI Cables"
"Y7l1IhzX2fnyiano58Fpeh","","AudioQuest","Accessories/HDMI Cables"
"Y7l1IhzX2fnyiano58Fyhb","","AudioQuest","Accessories/HDMI Cables"
"Y7l1IhzX2fnyiano58G2yT","","Sanus","Accessories/HDMI Cables"
"Y7l1IhzX2fnyiano58G5UH","","Audio-Technica","Accessories/Phono Cartridges"
"Y7l1IhzX2fnyiano58G7SK","","Audio-Technica","Accessories/Phono Cartridges"
"Y7l1IhzX2fnyiano58G7kV","","Audio-Technica","Accessories/Phono Cartridges"
"Y7l1IhzX2fnyiano58G8d2","","Audio-Technica","Accessories/Phono Cartridges"
"Y7l1IhzX2fnyiano58G9l9","","Audio-Technica","Accessories/Phono Cartridges"
"Y7l1IhzX2fnyiano58GCm7","","Audio-Technica","Accessories/Phono Cartridges"
"Y7l1IhzX2fnyiano58GDRf","","Pro-Ject","Accessories/Phono Cartridges"
"Y7l1IhzX2fnyiano58GEey","","AudioQuest","Accessories/RCA Cables"
"Y7l1IhzX2fnyiano58GfL7","","AudioQuest","Accessories/RCA Cables"
"Y7l1IhzX2fnyiano58Gfy4","","AudioQuest","Accessories/RCA Cables"
"Y7l1IhzX2fnyiano58GgtC","","AudioQuest","Accessories/RCA Cables"
"Y7l1IhzX2fnyiano58Gi1J","","AudioQuest","Accessories/RCA Cables"
"Y7l1IhzX2fnyiano58Gibf","","AudioQuest","Accessories/RCA Cables"
"Y7l1IhzX2fnyiano58GkPK","","AudioQuest","Accessories/USB Cables"
"Y7l1IhzX2fnyiano58Gkx5","","AudioQuest","Accessories/USB Cables"
"Y7l1IhzX2fnyiano58Gpdv","","AudioQuest","Accessories/USB Cables"
"Y7l1IhzX2fnyiano58GwGD","","Meze Audio","Accessories/Headphone Cables"
"Y7l1IhzX2fnyiano58GzUA","","Meze Audio","Accessories/Headphone Cables"
"Y7l1IhzX2fnyiano58H01v","","Meze Audio","Accessories/Headphone Cables"
"Y7l1IhzX2fnyiano58H7bw","","AudioQuest","Accessories/Ethernet Cables"
"Y7l1IhzX2fnyiano58H9KP","","AudioQuest","Accessories/Ethernet Cables"
"Y7l1IhzX2fnyiano58HBDG","","AudioQuest","Accessories/Ethernet Cables"
"Y7l1IhzX2fnyiano58HCNy","","Kicker","Accessories/Speaker and Subwoofer accessories"
"Y7l1IhzX2fnyiano58HEtm","","Shure","Accessories/Microphone Accessories"
"ZuUKzmkqDyQwdcwhxkuQdM","","Panasonic","Personal Audio/Digital Audio Players"
"ZuUKzmkqDyQwdcwhxkuR6z","","Panasonic","Personal Audio/Digital Audio Players"
"ZuUKzmkqDyQwdcwhxkwTy9","","Advance Paris","Personal Audio/Bluetooth Receivers and Transmitters"
"ZuUKzmkqDyQwdcwhxkwUBc","","Advance Paris","Personal Audio/Bluetooth Receivers and Transmitters"
"ZuUKzmkqDyQwdcwhxkwVRj","","Advance Paris","Personal Audio/Bluetooth Receivers and Transmitters"
"ZuUKzmkqDyQwdcwhxkx4Q2","","Pro-Ject","Personal Audio/Bluetooth Receivers and Transmitters"
"ZuUKzmkqDyQwdcwhxl7UOP","","McIntosh","Personal Audio/Headphone Amplifiers"
"ZuUKzmkqDyQwdcwhxl7Ume","","Pro-Ject","Personal Audio/Headphone Amplifiers"
"ZuUKzmkqDyQwdcwhxl81C2","","AudioQuest","Personal Audio/Phone and Tablet Accessories"
"ZuUKzmkqDyQwdcwhxl8qSQ","","Bose","Personal Audio/Carrying Cases and Protection"
"ZuUKzmkqDyQwdcwhxl8tl8","","Bose","Personal Audio/Carrying Cases and Protection"
"ZuUKzmkqDyQwdcwhxl91nR","","Devialet","Personal Audio/Carrying Cases and Protection"
"ZuUKzmkqDyQwdcwhxl94vN","","JBL","Personal Audio/Carrying Cases and Protection"
"ZuUKzmkqDyQwdcwhxl9wH3","","Audio-Technica","Personal Audio/Replacement Parts"
"ZuUKzmkqDyQwdcwhxl9zkX","","Pro-Ject","Personal Audio/Replacement Parts"
"ZuUKzmkqDyQwdcwhxlA065","","Pro-Ject","Personal Audio/Replacement Parts"
"ZuUKzmkqDyQwdcwhxlA4Wp","","Pro-Ject","Personal Audio/Replacement Parts"
"ZuUKzmkqDyQwdcwhxlCBwo","","SVS","Home Audio/Receivers"
"ZuUKzmkqDyQwdcwhxlGEhy","","Pro-Ject","Home Audio/Preamps"
"ZuUKzmkqDyQwdcwhxlGFBb","","Pro-Ject","Home Audio/Preamps"
"ZuUKzmkqDyQwdcwhxlGIvF","","U-Turn Audio","Home Audio/Preamps"
"ZuUKzmkqDyQwdcwhxlGJJU","","U-Turn Audio","Home Audio/Preamps"
"ZuUKzmkqDyQwdcwhxlHkNG","","Audio-Technica","Home Audio/Turntables"
"ZuUKzmkqDyQwdcwhxlHza0","","Pro-Ject","Home Audio/Turntables"
"ZuUKzmkqDyQwdcwhxlI2H0","","U-Turn Audio","Home Audio/Turntables"
"ZuUKzmkqDyQwdcwhxlIdY4","","Denon","Home Audio/CD Players"
"ZuUKzmkqDyQwdcwhxlIf4L","","Integra","Home Audio/CD Players"
"ZuUKzmkqDyQwdcwhxlIfdM","","Marantz","Home Audio/CD Players"
"ZuUKzmkqDyQwdcwhxlIhie","","Yamaha","Home Audio/CD Players"
"ZuUKzmkqDyQwdcwhxlJjqK","","Chord Electronics","Home Audio/DACs (Digital-to-Analog Converters)"
"ZuUKzmkqDyQwdcwhxlJt0f","","Rotel","Home Audio/DACs (Digital-to-Analog Converters)"
"ZuUKzmkqDyQwdcwhxlJtf4","","Rotel","Home Audio/DACs (Digital-to-Analog Converters)"
"ZuUKzmkqDyQwdcwhxvGr5c","","Shure","Studio Equipment/Microphones"
"ZuUKzmkqDyQwdcwhxvH9tv","","Shure","Studio Equipment/Microphones"
"ZuUKzmkqDyQwdcwhxvHR1B","","Shure","Studio Equipment/Microphones"
"ZuUKzmkqDyQwdcwhxvHoTh","","Shure","Studio Equipment/Microphones"
"ZuUKzmkqDyQwdcwhxvlmVN","","Alpine","Studio Equipment/Studio Processors"
"ZuUKzmkqDyQwdcwhxvlo1e","","Alpine","Studio Equipment/Studio Processors"
"ZuUKzmkqDyQwdcwhxvlrdD","","Alpine","Studio Equipment/Studio Processors"
"ZuUKzmkqDyQwdcwhxvojH8","","Ortofon","Studio Equipment/Recording Accessories"
"ZuUKzmkqDyQwdcwhxvojq9","","Ortofon","Studio Equipment/Recording Accessories"
"ZuUKzmkqDyQwdcwhxvonGw","","Pro-Ject","Studio Equipment/Recording Accessories"
"ZuUKzmkqDyQwdcwhxvor5y","","Pro-Ject","Studio Equipment/Recording Accessories"
"ZuUKzmkqDyQwdcwhxvouJI","","Record Doctor","Studio Equipment/Recording Accessories"
"ZuUKzmkqDyQwdcwhxwQ74d","","JBL","Headphones/Earbuds"
"ZuUKzmkqDyQwdcwhxwQbOj","","Bose","Headphones/Noise Cancelling"
"ZuUKzmkqDyQwdcwhxwQgOU","","JBL","Headphones/Noise Cancelling"
"ZuUKzmkqDyQwdcwhxwQkWN","","Bose","Speakers/Bluetooth Speakers"
"ZuUKzmkqDyQwdcwhxwR14c","","JBL","Speakers/Bluetooth Speakers"
"ZuUKzmkqDyQwdcwhxwRaTr","","JBL","Speakers/Bookshelf Speakers"
"ZuUKzmkqDyQwdcwhxwRcWS","","JBL","Speakers/Bookshelf Speakers"
"ZuUKzmkqDyQwdcwhxwS6aO","","Bowers & Wilkins","Speakers/Floor Standing Speakers"
"ZuUKzmkqDyQwdcwhxwSC15","","Bowers & Wilkins","Speakers/Floor Standing Speakers"
"ZuUKzmkqDyQwdcwhxwSEfO","","Bowers & Wilkins","Speakers/Floor Standing Speakers"
"ZuUKzmkqDyQwdcwhxwSHZr","","Bowers & Wilkins","Speakers/Floor Standing Speakers"
"ZuUKzmkqDyQwdcwhxwSIZo","","Bowers & Wilkins","Speakers/Floor Standing Speakers"
"ZuUKzmkqDyQwdcwhxwSMpm","","Flexson","Speakers/Floor Standing Speakers"
"ZuUKzmkqDyQwdcwhxwSS8O","","Kanto","Speakers/Floor Standing Speakers"
"ZuUKzmkqDyQwdcwhxwSTJ7","","Mountson","Speakers/Floor Standing Speakers"
"ZuUKzmkqDyQwdcwhxwSbgy","","Sonos","Speakers/Floor Standing Speakers"
"ZuUKzmkqDyQwdcwhxwT1nn","","Sonos","Speakers/Soundbars"
"ZuUKzmkqDyQwdcwhxwwuew","","Bose","Speakers/Outdoor Speakers"
"ZuUKzmkqDyQwdcwhxwx4Lb","","Polk Audio","Speakers/Outdoor Speakers"
"ZuUKzmkqDyQwdcwhxwykWj","","Victrola","Speakers/Outdoor Speakers"
"ZuUKzmkqDyQwdcwhxwyok0","","Definitive Technology","Speakers/Subwoofers"
"ZuUKzmkqDyQwdcwhxwytLW","","Kanto","Speakers/Subwoofers"
"ZuUKzmkqDyQwdcwhxwzGPn","","SVS","Speakers/Subwoofers"
"ZuUKzmkqDyQwdcwhxwzj8E","","AudioQuest","Accessories/Power Cables"
"ZuUKzmkqDyQwdcwhxwzoTX","","AudioQuest","Accessories/Power Cables"
"ZuUKzmkqDyQwdcwhxwzpDK","","AudioQuest","Accessories/Power Cables"
"ZuUKzmkqDyQwdcwhxwzrIc","","AudioQuest","Accessories/Power Cables"
"ZuUKzmkqDyQwdcwhxwzruK","","AudioQuest","Accessories/Power Cables"
"ZuUKzmkqDyQwdcwhxwzv7e","","Mountson","Accessories/Wall Mounts"
"ZuUKzmkqDyQwdcwhxx01Vb","","Mountson","Accessories/Wall Mounts"
"ZuUKzmkqDyQwdcwhxx0E1L","","Mountson","Accessories/Wall Mounts"
"ZuUKzmkqDyQwdcwhxx0P3V","","Sanus","Accessories/Wall Mounts"
"ZuUKzmkqDyQwdcwhxx0PcW","","Sanus","Accessories/Wall Mounts"
"ZuUKzmkqDyQwdcwhxx0RvH","","Sonos","Accessories/Wall Mounts"
"ZuUKzmkqDyQwdcwhxx0T0c","","Kanto","Accessories/Speaker Stands"
"ZuUKzmkqDyQwdcwhxx0YpY","","Sanus","Accessories/Speaker Stands"
"ZuUKzmkqDyQwdcwhxx0b8J","","Sanus","Accessories/Speaker Stands"
"ZuUKzmkqDyQwdcwhxxfTtO","","AudioQuest","Accessories/HDMI Cables"
"ZuUKzmkqDyQwdcwhxxfVtI","","AudioQuest","Accessories/HDMI Cables"
"ZuUKzmkqDyQwdcwhxxfYvq","","AudioQuest","Accessories/HDMI Cables"
"ZuUKzmkqDyQwdcwhxxfdEV","","AudioQuest","Accessories/HDMI Cables"
"ZuUKzmkqDyQwdcwhxxfoOk","","Audio-Technica","Accessories/Phono Cartridges"
"ZuUKzmkqDyQwdcwhxxfq36","","Audio-Technica","Accessories/Phono Cartridges"
"ZuUKzmkqDyQwdcwhxxfqmt","","Audio-Technica","Accessories/Phono Cartridges"
"ZuUKzmkqDyQwdcwhxxfsWd","","Audio-Technica","Accessories/Phono Cartridges"
"ZuUKzmkqDyQwdcwhxxftby","","Audio-Technica","Accessories/Phono Cartridges"
"ZuUKzmkqDyQwdcwhxxftxW","","Audio-Technica","Accessories/Phono Cartridges"
"ZuUKzmkqDyQwdcwhxxfvhG","","AudioQuest","Accessories/RCA Cables"
"ZuUKzmkqDyQwdcwhxxfyh7","","AudioQuest","Accessories/RCA Cables"
"ZuUKzmkqDyQwdcwhxxg0WF","","Pro-Ject","Accessories/RCA Cables"
"ZuUKzmkqDyQwdcwhxxg15G","","SVS","Accessories/RCA Cables"
"ZuUKzmkqDyQwdcwhxxg2Fz","","AudioQuest","Accessories/USB Cables"
"ZuUKzmkqDyQwdcwhxxg3TP","","AudioQuest","Accessories/USB Cables"
"ZuUKzmkqDyQwdcwhxxgClp","","AudioQuest","Accessories/USB Cables"
"ZuUKzmkqDyQwdcwhxxgEQB","","AudioQuest","Accessories/USB Cables"
"ZuUKzmkqDyQwdcwhxxgEgL","","AudioQuest","Accessories/USB Cables"
"ZuUKzmkqDyQwdcwhxxgFFM","","AudioQuest","Accessories/USB Cables"
"ZuUKzmkqDyQwdcwhxxgGI0","","Meze Audio","Accessories/Headphone Cables"
"ZuUKzmkqDyQwdcwhxxgMfx","","Meze Audio","Accessories/Headphone Cables"
"ZuUKzmkqDyQwdcwhxxgPfo","","Meze Audio","Accessories/Headphone Cables"
"ZuUKzmkqDyQwdcwhxxgQ43","","Meze Audio","Accessories/Headphone Cables"
"ZuUKzmkqDyQwdcwhxxgRd1","","Meze Audio","Accessories/Headphone Cables"
"ZuUKzmkqDyQwdcwhxxgSUt","","Meze Audio","Accessories/Headphone Cables"
"ZuUKzmkqDyQwdcwhxxgSiM","","AudioQuest","Accessories/Ethernet Cables"
"ZuUKzmkqDyQwdcwhxxgX11","","AudioQuest","Accessories/Ethernet Cables"
"ZuUKzmkqDyQwdcwhxxgYBk","","Kicker","Accessories/Speaker and Subwoofer accessories"
"ZuUKzmkqDyQwdcwhxxgZ3c","","Kicker","Accessories/Speaker and Subwoofer accessories"
"ZuUKzmkqDyQwdcwhxxgb6D","","Shure","Accessories/Microphone Accessories"
"ZuUKzmkqDyQwdcwhxxgc6A","","Shure","Accessories/Microphone Accessories"
"ZuUKzmkqDyQwdcwhxxgdcR","","AudioQuest","Accessories/Power Management"
"ZuUKzmkqDyQwdcwhxxgeUJ","","iFi Audio","Accessories/Power Management"
"ZuUKzmkqDyQwdcwhxxgfOs","","iFi Audio","Accessories/Power Management"
"bZq6Nu0VA2iCxpb0N1ksfa","","IsoAcoustics","Studio Equipment/Studio Monitors"
"dLGDVDmEEI2lV8CArAWAX6","","Advance Paris","Personal Audio/Digital Audio Players"
"dLGDVDmEEI2lV8CArAcqnk","","Sennheiser","Personal Audio/Headphone Amplifiers"
"dLGDVDmEEI2lV8CArAd2my","","Panamax","Personal Audio/Phone and Tablet Accessories"
"dLGDVDmEEI2lV8CArAdTlE","","Devialet","Personal Audio/Carrying Cases and Protection"
"dLGDVDmEEI2lV8CArAdUMO","","iFi Audio","Personal Audio/Carrying Cases and Protection"
"dLGDVDmEEI2lV8CArAdUoG","","iFi Audio","Personal Audio/Carrying Cases and Protection"
"dLGDVDmEEI2lV8CArAe8k8","","Audio-Technica","Personal Audio/Replacement Parts"
"dLGDVDmEEI2lV8CArAe95o","","Audio-Technica","Personal Audio/Replacement Parts"
"dLGDVDmEEI2lV8CArAe9IC","","Audio-Technica","Personal Audio/Replacement Parts"
"dLGDVDmEEI2lV8CArAe9Xg","","Audio-Technica","Personal Audio/Replacement Parts"
"dLGDVDmEEI2lV8CArAeAOK","","Ortofon","Personal Audio/Replacement Parts"
"dLGDVDmEEI2lV8CArAeAiS","","Ortofon","Personal Audio/Replacement Parts"
"dLGDVDmEEI2lV8CArAeCSq","","Ortofon","Personal Audio/Replacement Parts"
"dLGDVDmEEI2lV8CArAeCgm","","Ortofon","Personal Audio/Replacement Parts"
"dLGDVDmEEI2lV8CArAeGSa","","Pro-Ject","Personal Audio/Replacement Parts"
"dLGDVDmEEI2lV8CArAetTA","","Yamaha","Home Audio/Amplifiers"
"dLGDVDmEEI2lV8CArAfMMe","","Sony","Home Audio/Receivers"
"dLGDVDmEEI2lV8CArAj764","","Pro-Ject","Home Audio/Preamps"
"dLGDVDmEEI2lV8CArAj7tc","","Pro-Ject","Home Audio/Preamps"
"dLGDVDmEEI2lV8CArAj896","","Pro-Ject","Home Audio/Preamps"
"dLGDVDmEEI2lV8CArAj8N2","","Pro-Ject","Home Audio/Preamps"
"dLGDVDmEEI2lV8CArAk7dE","","Ortofon","Home Audio/Turntables"
"dLGDVDmEEI2lV8CArAk8EO","","Ortofon","Home Audio/Turntables"
"dLGDVDmEEI2lV8CArAk8uC","","Ortofon","Home Audio/Turntables"
"dLGDVDmEEI2lV8CArAk9To","","Pro-Ject","Home Audio/Turntables"
"dLGDVDmEEI2lV8CArAklwK","","Advance Paris","Home Audio/CD Players"
"dLGDVDmEEI2lV8CArAkv88","","JBL","Home Audio/CD Players"
"dLGDVDmEEI2lV8CArAl87I","","Onkyo","Home Audio/CD Players"
"dLGDVDmEEI2lV8CArI2zXA","","JBL","Studio Equipment/Microphones"
"dLGDVDmEEI2lV8CArIJJxE","","Alpine","Studio Equipment/Studio Processors"
"dLGDVDmEEI2lV8CArIJKNY","","Alpine","Studio Equipment/Studio Processors"
"dLGDVDmEEI2lV8CArIL1cS","","AudioQuest","Studio Equipment/Recording Accessories"
"dLGDVDmEEI2lV8CArIL72S","","Pro-Ject","Studio Equipment/Recording Accessories"
"dLGDVDmEEI2lV8CArILIhY","","The Last Factory","Studio Equipment/Recording Accessories"
"dLGDVDmEEI2lV8CArILNAi","","Victrola","Studio Equipment/Recording Accessories"
"dLGDVDmEEI2lV8CArIgMwO","","JBL","Headphones/Earbuds"
"dLGDVDmEEI2lV8CArIgNZ6","","JBL","Headphones/Earbuds"
"dLGDVDmEEI2lV8CArIgNzQ","","JBL","Headphones/Earbuds"
"dLGDVDmEEI2lV8CArIggyC","","JBL","Speakers/Bluetooth Speakers"
"dLGDVDmEEI2lV8CArIghRc","","JBL","Speakers/Bluetooth Speakers"
"dLGDVDmEEI2lV8CArIgtX2","","JBL","Speakers/Bluetooth Speakers"
"dLGDVDmEEI2lV8CArIgzj2","","Victrola","Speakers/Bluetooth Speakers"
"dLGDVDmEEI2lV8CArIh3vA","","Klipsch","Speakers/Bookshelf Speakers"
"dLGDVDmEEI2lV8CArIh4TE","","Klipsch","Speakers/Bookshelf Speakers"
"dLGDVDmEEI2lV8CArIhH0W","","Bowers & Wilkins","Speakers/Floor Standing Speakers"
"dLGDVDmEEI2lV8CArIhIdA","","Bowers & Wilkins","Speakers/Floor Standing Speakers"
"dLGDVDmEEI2lV8CArIhMKK","","Flexson","Speakers/Floor Standing Speakers"
"dLGDVDmEEI2lV8CArIhNTY","","Kanto","Speakers/Floor Standing Speakers"
"dLGDVDmEEI2lV8CArIhPFU","","Mountson","Speakers/Floor Standing Speakers"
"dLGDVDmEEI2lV8CArIhPkS","","Mountson","Speakers/Floor Standing Speakers"
"dLGDVDmEEI2lV8CArIhQIW","","PSB","Speakers/Floor Standing Speakers"
"dLGDVDmEEI2lV8CArIhRCG","","PSB","Speakers/Floor Standing Speakers"
"dLGDVDmEEI2lV8CArIhS2u","","Sonos","Speakers/Floor Standing Speakers"
"dLGDVDmEEI2lV8CArJ0B2K","","Polk Audio","Speakers/Outdoor Speakers"
"dLGDVDmEEI2lV8CArJ0KeS","","Sanus","Speakers/Outdoor Speakers"
"dLGDVDmEEI2lV8CArJ0lFU","","SVS","Speakers/Subwoofers"
"dLGDVDmEEI2lV8CArJ0lci","","SVS","Speakers/Subwoofers"
"dLGDVDmEEI2lV8CArJ14Ci","","AudioQuest","Accessories/Power Cables"
"dLGDVDmEEI2lV8CArJ15YK","","AudioQuest","Accessories/Power Cables"
"dLGDVDmEEI2lV8CArJ18TU","","AudioQuest","Accessories/Power Cables"
"dLGDVDmEEI2lV8CArJ19Om","","AudioQuest","Accessories/Power Cables"
"dLGDVDmEEI2lV8CArJ1Ab6","","AudioQuest","Accessories/Power Cables"
"dLGDVDmEEI2lV8CArJ1C7Y","","AudioQuest","Accessories/Power Cables"
"dLGDVDmEEI2lV8CArJ1LUC","","Mountson","Accessories/Wall Mounts"
"dLGDVDmEEI2lV8CArJ1P3c","","Mountson","Accessories/Wall Mounts"
"dLGDVDmEEI2lV8CArJ1PX2","","Mountson","Accessories/Wall Mounts"
"dLGDVDmEEI2lV8CArJ1Pvo","","Mountson","Accessories/Wall Mounts"
"dLGDVDmEEI2lV8CArJ1XRs","","Sanus","Accessories/Speaker Stands"
"dLGDVDmEEI2lV8CArJ1bFE","","Sanus","Accessories/Speaker Stands"
"dLGDVDmEEI2lV8CArJPyWK","","AudioQuest","Accessories/HDMI Cables"
"dLGDVDmEEI2lV8CArJQ6XM","","Audio-Technica","Accessories/Phono Cartridges"
"dLGDVDmEEI2lV8CArJQASS","","AudioQuest","Accessories/RCA Cables"
"dLGDVDmEEI2lV8CArJQBvo","","AudioQuest","Accessories/RCA Cables"
"dLGDVDmEEI2lV8CArJQC9k","","AudioQuest","Accessories/RCA Cables"
"dLGDVDmEEI2lV8CArJQCVQ","","AudioQuest","Accessories/RCA Cables"
"dLGDVDmEEI2lV8CArJQCho","","AudioQuest","Accessories/RCA Cables"
"dLGDVDmEEI2lV8CArJQEWq","","AudioQuest","Accessories/USB Cables"
"dLGDVDmEEI2lV8CArJQFeW","","AudioQuest","Accessories/USB Cables"
"dLGDVDmEEI2lV8CArJQGYG","","AudioQuest","Accessories/USB Cables"
"dLGDVDmEEI2lV8CArJQHhU","","AudioQuest","Accessories/USB Cables"
"dLGDVDmEEI2lV8CArJQHvQ","","AudioQuest","Accessories/USB Cables"
"dLGDVDmEEI2lV8CArJQJUy","","AudioQuest","Accessories/USB Cables"
"dLGDVDmEEI2lV8CArJQMcW","","AudioQuest","Accessories/USB Cables"
"dLGDVDmEEI2lV8CArJQMzk","","AudioQuest","Accessories/USB Cables"
"dLGDVDmEEI2lV8CArJQPoi","","AudioQuest","Accessories/USB Cables"
"dLGDVDmEEI2lV8CArJQQI8","","Meze Audio","Accessories/Headphone Cables"
"dLGDVDmEEI2lV8CArJQWbs","","Meze Audio","Accessories/Headphone Cables"
"dLGDVDmEEI2lV8CArJQX5I","","Meze Audio","Accessories/Headphone Cables"
"dLGDVDmEEI2lV8CArJQXSW","","Meze Audio","Accessories/Headphone Cables"
"dLGDVDmEEI2lV8CArJQaM8","","AudioQuest","Accessories/Ethernet Cables"
"dLGDVDmEEI2lV8CArJQe0C","","Shure","Accessories/Microphone Accessories"
"dLGDVDmEEI2lV8CArJQieC","","iFi Audio","Accessories/Power Management"
"lnsXffMpY6mbKrdRVUNkoX","","IsoAcoustics","Studio Equipment/Studio Monitors"